Portfolio,Metric,Archived engine,Refactored engine,Difference
Minimum Volatility,CAGR,0.092720025792467839,0.092720025792467506,-3.3306690738754696e-16
Minimum Volatility,Volatility,0.14565483431874343,0.1456548343187434,-2.7755575615628914e-17
Minimum Volatility,Sharpe,0.69534808604289122,0.69534808604289111,-1.1102230246251565e-16
Maximum CAGR,CAGR,0.64290868833581172,0.6429086883358115,-2.2204460492503131e-16
Maximum CAGR,Volatility,0.54369652324824713,0.54369652324824724,1.1102230246251565e-16
Maximum CAGR,Sharpe,1.2057289499413939,1.2057289499413937,-2.2204460492503131e-16
Maximum Sharpe,CAGR,0.36576300981983212,0.36576300981983251,3.8857805861880479e-16
Maximum Sharpe,Volatility,0.27605645311038735,0.27605645311038779,4.4408920985006262e-16
Maximum Sharpe,Sharpe,1.2928279066027433,1.2928279066027428,-4.4408920985006262e-16
Prudent,CAGR,0.12328817910551619,0.1232881791055167,5.134781488891349e-16
Prudent,Volatility,0.15000000000004823,0.15000000000004821,-2.7755575615628914e-17
Prudent,Sharpe,0.86758289787598708,0.86758289787598664,-4.4408920985006262e-16
Modéré,CAGR,0.2501464532007584,0.25014645320075929,8.8817841970012523e-16
Modéré,Volatility,0.20000000000000012,0.20000000000000021,8.3266726846886741e-17
Modéré,Sharpe,1.2416440504688604,1.2416440504688595,-8.8817841970012523e-16
Dynamique,CAGR,0.39756235892516228,0.39756235892516251,2.2204460492503131e-16
Dynamique,Volatility,0.30000000000186877,0.30000000000186883,5.5511151231257827e-17
Dynamique,Sharpe,1.2910749270819508,1.2910749270819504,-4.4408920985006262e-16
Agressif,CAGR,0.513954988650968,0.513954988650968,0
Agressif,Volatility,0.40000000000000047,0.4000000000000003,-1.6653345369377348e-16
Agressif,Sharpe,1.2602908265326436,1.2602908265326431,-4.4408920985006262e-16
Très agressif,CAGR,0.60766570620853089,0.60766570620853,-8.8817841970012523e-16
Très agressif,Volatility,0.50000000000000011,0.49999999999999989,-2.2204460492503131e-16
Très agressif,Sharpe,1.2210915977260437,1.2210915977260437,0
