,CAGR,Mean return annualized,Volatility,Max Drawdown,Sharpe,Calmar,Success,Solver status,Status,Risk ceiling,Weight: Apple x1.5,Weight: Nasdaq 100 x2,Weight: S&P 500,Weight: Dow Jones,Weight: CAC 40,Weight: Gold
0,0.092720025792467575,0.10128081026643264,0.1456548343187434,-0.23192509654578397,0.69534808604289111,0.39978435785263911,True,0,Minimum achievable volatility,0.1456548343187434,1.3841672500400561e-17,0,0,0.24148923620082394,0.32455805261554749,0.43395271118362855
1,0.13955897324775871,0.14541896261016624,0.1537781340928229,-0.25504254154434136,0.94564135186078579,0.54719880221823769,True,0,Optimization terminated successfully,0.15377813409281491,0.078597881868661151,0,6.0308748843035905e-17,0.14746485081864003,0.31118582787999949,0.46275143943269931
2,0.16619842031545184,0.17033537624674955,0.1619014338669692,-0.26987811931106453,1.0520930678520755,0.61582769562689033,True,0,Optimization terminated successfully,0.16190143386688641,0.12307479842915935,2.2208343609170703e-17,2.1097756029505982e-17,0.09341327048749587,0.30613413593272204,0.47737779515062279
3,0.18778835993958529,0.19044621055505126,0.17002473364625881,-0.28209941510776448,1.1201088598749398,0.66568149341198901,True,0,Optimization terminated successfully,0.17002473364095794,0.15897344121751011,0,9.2431768919966043e-17,0.049790577189176448,0.30205308310554274,0.48918289848777058
4,0.20679757712137345,0.20810061139371111,0.17814803341504259,-0.29299518035660022,1.168133082383717,0.70580538857220487,True,0,Optimization terminated successfully,0.17814803341502944,0.19048716709968685,3.1873319995996982e-17,0,0.011499262972559897,0.29846752948344274,0.4995460404443105
5,0.22408049319651119,0.22412542476994238,0.18627133318910408,-0.30322909656613861,1.2032201677668164,0.73898084232044015,True,0,Optimization terminated successfully,0.18627133318910094,0.21888009772398517,0,0,1.065917758635326e-16,0.28104615029660074,0.50007375197941406
6,0.23987989926238704,0.23878899414994234,0.19439463296317266,-0.31288963230386446,1.2283723604405272,0.76665978829693648,True,0,Optimization terminated successfully,0.19439463296317244,0.24476520778749089,0,5.3667986858517143e-17,3.6230966606340123e-17,0.25869374357883879,0.49654104863367021
7,0.25462148705409837,0.25249034114388458,0.202517932737244,-0.32209398034712655,1.2467554736077475,0.79051923534767132,True,0,Optimization terminated successfully,0.20251793273724394,0.26895163412774403,0,5.0783086421770965e-18,8.1125042038363644e-17,0.23780608358061625,0.49324228229163974
8,0.26857684288990091,0.26548257480981413,0.2106412325113155,-0.33097128717175917,1.2603542603917901,0.81148079395334871,True,0,Optimization terminated successfully,0.21064123251131545,0.29188618776496827,3.7197904669585087e-17,2.4969078549105974e-18,0,0.21799746001532994,0.49011635221970173
9,0.28192127391921551,0.27792947811777635,0.2187645322901505,-0.34182349071300877,1.2704503568665992,0.82475687475766113,True,0,Optimization terminated successfully,0.21876453228538695,0.31385799219961824,0,4.3273642725801323e-17,6.1455310817733286e-17,0.1990182659732333,0.48712374182714846
10,0.29477493971384072,0.28994368274328813,0.22688783205955276,-0.3540709304987486,1.2779164052622474,0.83253075675717625,True,0,Optimization terminated successfully,0.22688783205945848,0.33506587347680505,0,1.7477333726510407e-18,6.3473181526109433e-17,0.18069683267982631,0.48423729384336861
11,0.30722391844026392,0.30160621680902455,0.23501113183363595,-0.3657965536584401,1.2833699172281388,0.83987647058898218,True,0,Optimization terminated successfully,0.23501113183352998,0.35565286775185967,0,1.0461002482378419e-16,4.0748293402901432e-17,0.1629096432549145,0.48143748899322564
12,0.31933199161150216,0.31297743806303413,0.24313443160786419,-0.37707544124193471,1.2872608622040633,0.84686499486614975,True,0,Optimization terminated successfully,0.24313443160760148,0.37572552160200068,0,1.5182900143410823e-17,0,0.14556467321648478,0.47870980518151462
13,0.33114769226856433,0.32410357153180425,0.25125773138168833,-0.38796520988771788,1.2899247706708576,0.85354996744270639,True,0,Optimization terminated successfully,0.25125773138167301,0.39536543352555775,3.1863002654934664e-16,2.7257586417092384e-19,0,0.12859144019722407,0.47604312627721773
14,0.34270874735797707,0.3350208293872492,0.25938103115763228,-0.39851104301936191,1.2916165376166182,0.85997302549361565,True,0,Optimization terminated successfully,0.25938103115574451,0.41463653781545295,0,1.0860839835636437e-16,0,0.11193493987904377,0.47342852230550309
15,0.35404499893087954,0.34575811952612151,0.26750433093183734,-0.40874917151842771,1.2925327912325426,0.86616689060351548,True,0,Optimization terminated successfully,0.26750433092981601,0.43358986227952806,0,1.384262733782503e-16,0,0.095551061451163877,0.47085907626930795
16,0.36518039348139264,0.35633888965505112,0.2756276307039322,-0.41870947639335754,1.2928271695583946,0.87215698251434637,True,0,Optimization terminated successfully,0.27562763070388752,0.45226672163823867,0,0,2.0701371907151176e-16,0.079402583454940723,0.46833069490682039
17,0.37613437707343594,0.36678242093777363,0.28375093047797667,-0.42841574132061477,1.2926210332418326,0.87796581870213575,True,0,Optimization terminated successfully,0.28375093047795902,0.47070125257666978,1.6332230215989568e-16,0,1.1298670090737393e-16,0.063462047613563013,0.46583669980976694
18,0.38692289857058521,0.37710475701890667,0.29187423025209713,-0.43788851315497157,1.2920111401859438,0.88361052401858897,True,0,Optimization terminated successfully,0.29187423025203052,0.48892173554152607,1.1052688083260047e-16,0,9.4891314370776128e-17,0.047704210197600898,0.46337405426087275
19,0.39755914685778593,0.38731938743570221,0.29999753002796969,-0.44714494090065171,1.2910752545182329,0.88910576972426725,True,0,Optimization terminated successfully,0.29999753002610208,0.50695198798440211,0,1.1850710910092825e-16,0,0.03210860136027481,0.46093941065532296
20,0.40805410287434812,0.39743775881109139,0.30812082980691613,-0.45619971894994049,1.2898763094340155,0.89446373139726665,True,0,Optimization terminated successfully,0.30812082980017352,0.52481220805558815,0,1.0414476550772511e-16,0,0.016657614565553095,0.45853017737885854
21,0.41841695991142364,0.40746966403822993,0.31624412958795856,-0.46506556016702927,1.2884655426462182,0.89969457158072141,True,0,Optimization terminated successfully,0.31624412957424508,0.54251966216248138,0,0,9.2747831323300141e-17,0.0013359238179976667,0.45614441401952094
22,0.42860227786062655,0.4173878681445975,0.324367429348345,-0.47024813812826327,1.2867749051843176,0.91143854299264115,True,0,Optimization terminated successfully,0.32436742934831653,0.56074304901114846,4.5350673391587266e-18,0,3.4084327864827222e-17,2.6898722380142377e-17,0.43925695098885154
23,0.43855160410468136,0.42715245632062737,0.33249072912240124,-0.48220672247929786,1.2847048621418191,0.90946804277186177,True,0,Optimization terminated successfully,0.33249072912238808,0.57875242651098213,3.7201726748078273e-17,0,1.1668210382417498e-16,1.7394284793010087e-18,0.4212475734890177
24,0.44828294663295637,0.43678013958603035,0.34061402889646375,-0.49521328553212562,1.2823316203420327,0.90523206814061785,True,0,Optimization terminated successfully,0.34061402889645953,0.59650930260751922,4.0438815357243286e-17,0,4.1990563173000907e-17,0,0.40349069739248078
25,0.45781175130263396,0.44628552564399421,0.34873732867053187,-0.50782896121856047,1.2797182548405095,0.90150776396070886,True,0,Optimization terminated successfully,0.34873732867053109,0.61404061910684238,5.4325973467036737e-17,9.503298063120441e-17,0,6.0658899669605994e-17,0.38595938089315734
26,0.46715099836941448,0.45568106558915966,0.35686062844460276,-0.52027405432326024,1.2769160542458029,0.89789408963907513,True,0,Optimization terminated successfully,0.35686062844460259,0.63136934026096359,7.6592623383225087e-19,0,2.9431629652299172e-17,0,0.36863065973903653
27,0.47631166576845019,0.46497745848908212,0.36498392821867404,-0.53308051902160547,1.2739669408415666,0.89350792004677537,True,0,Optimization terminated successfully,0.36498392821867409,0.64851519896010101,1.5920046447626639e-16,0,1.8382684251118195e-17,3.2668564612665409e-17,0.35148480103989882
28,0.48530308811843281,0.47418396477982033,0.37310722799274548,-0.54555301671088341,1.2709053301670161,0.88956173507078207,True,0,Optimization terminated successfully,0.37310722799274559,0.66549527474573567,0,2.3000706897271654e-20,6.3041534086780724e-17,0,0.33450472525426406
29,0.49413323860110209,0.48330865223112923,0.38123052776681815,-0.55770733668220118,1.2677595759769473,0.88600813742329232,True,0,Optimization terminated successfully,0.3812305277668171,0.68232444745800791,8.2145013687983144e-17,0,0,6.1850319338729384e-17,0.31767555254199176
30,0.50280895291705496,0.49235859127726733,0.38935382754088887,-0.57002150152682829,1.2645531042726457,0.88208769593823833,True,0,Optimization terminated successfully,0.38935382754088865,0.69901575749527889,2.2435094494586798e-17,0,2.1207557224787187e-16,0,0.30098424250472083
31,0.51133610913373873,0.50134001179699372,0.39747712731496049,-0.58258089376451561,1.2613053112858299,0.87770833991755548,True,0,Optimization terminated successfully,0.3974771273149601,0.7155806949722705,0,0,0,0,0.28441930502772955
32,0.51971977352376286,0.51025843017333306,0.40560042708903193,-0.59479984693072752,1.2580322802799417,0.87377254080613653,True,0,Optimization terminated successfully,0.40560042708903166,0.73202943406351328,0,4.4022588596019073e-17,0,3.1422349811429497e-17,0.26797056593648672
33,0.52796431987999837,0.51911875317893164,0.41372372686310349,-0.60669121711516505,1.2547473578925343,0.87023564044735069,True,0,Optimization terminated successfully,0.4137237268631031,0.74837102460493454,1.1496781501805066e-17,4.7615354942414543e-17,3.0855102434565132e-17,0,0.25162897539506546
34,0.53607352792999974,0.52792536360236286,0.42184702663717533,-0.61826671006449008,1.2514616206040585,0.86705869684311976,True,0,Optimization terminated successfully,0.42184702663717466,0.76461355001925579,0,0,0,0,0.23538644998074429
35,0.5440506651227548,0.53668219135047224,0.42997032641124677,-0.6295370438257073,1.2481842545505348,0.86420754816356737,True,0,Optimization terminated successfully,0.42997032641124611,0.78076425845403175,0,2.9672556759053197e-18,0,3.446249664291299e-17,0.21923574154596814
36,0.55189855507067054,0.54539277289601029,0.43809362618531844,-0.64051208430326012,1.2449228664771834,0.86165205715207993,True,0,Optimization terminated successfully,0.43809362618531766,0.79682967242425617,3.4443524428383474e-17,0,0,8.0662050903243001e-17,0.20317032757574371
37,0.55961963519441604,0.55406030129691364,0.4462169259593905,-0.65120095890332386,1.2416837395974034,0.8593654962315499,True,0,Optimization terminated successfully,0.44621692595938911,0.8128156810657251,0,1.46947163438555e-16,0,0,0.18718431893427481
38,0.56721600556608864,0.56268766853084706,0.45434022573346139,-0.66161215231857196,1.2384720450901647,0.8573240433663758,True,0,Optimization terminated successfully,0.45434022573346067,0.82872761821500651,0,3.4893188081173431e-17,0,0,0.1712723817849936
39,0.57468947052714925,0.57127750152235124,0.46246352550753234,-0.67175358765653304,1.2352920176686379,0.85550636585656381,True,0,Optimization terminated successfully,0.46246352550753222,0.84457032885632954,1.499986409900693e-17,4.9046530430544621e-17,3.2069230693044966e-17,0,0.15542967114367051
40,0.58204157433651171,0.57983219295933597,0.47058682528160373,-0.68163269546312566,1.2321471018921084,0.85389327450182217,True,0,Optimization terminated successfully,0.47058682528160367,0.86034822595817051,3.1767032250367587e-17,8.8066446487128722e-17,0,0,0.13965177404182935
41,0.58927363185607651,0.58835392777878837,0.47871012505567534,-0.69125647268930157,1.2290400745343775,0.85246743450160334,True,0,Optimization terminated successfully,0.47871012505567523,0.87606533932233022,0,1.3706840878816052e-16,3.9330204170555902e-17,6.2649052899824008e-17,0.12393466067766966
42,0.59638675518758655,0.59684470615282659,0.48683342494507342,-0.70063153338730433,1.2259731472221018,0.85121312240154057,True,0,Optimization terminated successfully,0.48683342482974667,0.89172535797840125,9.7544478537256501e-17,5.6120190979368339e-19,3.1364002157295502e-17,2.9185799705189359e-17,0.10827464202159866
43,0.60338187624908257,0.60530636274425242,0.49495672463602669,-0.70976415159925277,1.2229480530633721,0.85011602077891957,True,0,Optimization terminated successfully,0.49495672460381823,0.9073316656978635,1.5808810038177503e-17,1.0450457102982164e-17,2.8712912672068586e-17,3.6359534598709825e-18,0.092668334302136446
44,0.6102597677560655,0.61374058501321782,0.50308002439352317,-0.71866030006561088,1.2199661192135367,0.84916304365268425,True,0,Optimization terminated successfully,0.50308002437788968,0.92288737475809546,0,5.1796488241074093e-17,2.5251746223545202e-17,3.4877852152616698e-17,0.077112625241904528
45,0.61702106003558366,0.62214892734496763,0.51120332415442649,-0.72732568169807976,1.2170283289414334,0.84834218777347581,True,0,Optimization terminated successfully,0.51120332415196124,0.93839535199896273,0,5.1600082476429502e-17,0,2.8822095975340484e-17,0.061604648001037349
46,0.62366625684596189,0.63053282468269078,0.5193266239262645,-0.73576575825190615,1.214135373834051,0.8476424050063438,True,0,Optimization terminated successfully,0.51932662392603268,0.9538582439666502,3.4556350209574481e-17,0,6.6834287670153302e-17,0,0.046141756033349628
47,0.63019574895039909,0.63889360406315154,0.52744992370011268,-0.74398577477628947,1.2112876983302046,0.84705349257503459,True,0,Optimization terminated successfully,0.52744992370010424,0.9692784981894722,0,0,8.4360577254037039e-17,2.4453291939304909e-17,0.030721501810527581
48,0.63660982977826452,0.64723249956796292,0.53557322802645102,-0.75199078546672937,1.2084855360544595,0.84656599799045051,True,0,Optimization terminated successfully,0.53557322347417569,0.98465839075334649,5.9233883408565118e-17,8.1195505209281447e-17,6.8637752760499657e-18,2.9736595409243365e-19,0.015341609246653213
49,0.6429086883358115,0.65555063806289571,0.54369652324824724,-0.75978565021838906,1.2057289499413937,0.84617113807166133,True,0,Maximum CAGR reached; unused risk allowance,0.54369652324824724,0.99999999999999978,0,0,2.2204460492503126e-16,0,0
