,Portfolio,Success,Status,Message,Iterations,ftol,Raw minimum weight,Raw weight sum
0,Minimum Volatility,True,0,Optimization terminated successfully,14,1e-10,0,1
1,Maximum CAGR,True,0,Optimization terminated successfully,7,1e-10,0,1.0000000000000002
2,Maximum Sharpe start 0,True,0,Optimization terminated successfully,8,1e-10,0,1
3,Maximum Sharpe start 1,True,0,Optimization terminated successfully,11,1e-10,0,1
4,Maximum Sharpe start 2,True,0,Optimization terminated successfully,11,1e-10,0,1.0000000000000002
5,Maximum Sharpe start 3,True,0,Optimization terminated successfully,12,1e-10,7.2867597474327288e-18,1.0000000000000002
6,Maximum Sharpe start 4,True,0,Optimization terminated successfully,10,1e-10,5.2177441309101714e-17,1
7,Maximum Sharpe start 5,True,0,Optimization terminated successfully,10,1e-10,0,1.0000000000000002
8,Maximum Sharpe start 6,True,0,Optimization terminated successfully,10,1e-10,0,1.0000000000000002
9,Maximum Sharpe start 7,True,0,Optimization terminated successfully,12,1e-10,0,1
10,Maximum Sharpe start 8,True,0,Optimization terminated successfully,11,1e-10,0,1
11,Frontier 1,True,0,Optimization terminated successfully,12,1e-10,3.0542767307071241e-17,1
12,Frontier 2,True,0,Optimization terminated successfully,13,1e-10,0,1
13,Frontier 3,True,0,Optimization terminated successfully,14,1e-10,0,1.0000000000000002
14,Frontier 4,True,0,Optimization terminated successfully,13,1e-10,0,1
15,Frontier 5,True,0,Optimization terminated successfully,10,1e-10,0,1
16,Frontier 6,True,0,Optimization terminated successfully,10,1e-10,0,1
17,Frontier 7,True,0,Optimization terminated successfully,9,1e-10,0,1.0000000000000002
18,Frontier 8,True,0,Optimization terminated successfully,9,1e-10,0,1
19,Frontier 9,True,0,Optimization terminated successfully,10,1e-10,0,1.0000000000000002
20,Frontier 10,True,0,Optimization terminated successfully,10,1e-10,1.0826695722465662e-17,1
21,Frontier 11,True,0,Optimization terminated successfully,10,1e-10,0,1
22,Frontier 12,True,0,Optimization terminated successfully,10,1e-10,0,1.0000000000000002
23,Frontier 13,True,0,Optimization terminated successfully,11,1e-10,0,1
24,Frontier 14,True,0,Optimization terminated successfully,11,1e-10,1.221670325868957e-17,1
25,Frontier 15,True,0,Optimization terminated successfully,9,1e-10,0,1
26,Frontier 16,True,0,Optimization terminated successfully,9,1e-10,0,1
27,Frontier 17,True,0,Optimization terminated successfully,9,1e-10,5.1234147699603393e-17,0.99999999999999989
28,Frontier 18,True,0,Optimization terminated successfully,9,1e-10,0,1
29,Frontier 19,True,0,Optimization terminated successfully,9,1e-10,1.6739594499231517e-17,1
30,Frontier 20,True,0,Optimization terminated successfully,9,1e-10,0,1.0000000000000002
31,Frontier 21,True,0,Optimization terminated successfully,9,1e-10,0,1
32,Frontier 22,True,0,Optimization terminated successfully,9,1e-10,0,1
33,Frontier 23,True,0,Optimization terminated successfully,9,1e-10,0,1
34,Frontier 24,True,0,Optimization terminated successfully,9,1e-10,0,1
35,Frontier 25,True,0,Optimization terminated successfully,9,1e-10,0,1.0000000000000002
36,Frontier 26,True,0,Optimization terminated successfully,9,1e-10,2.8510599608987715e-17,1
37,Frontier 27,True,0,Optimization terminated successfully,9,1e-10,0,1
38,Frontier 28,True,0,Optimization terminated successfully,9,1e-10,1.3743109569201023e-18,1
39,Frontier 29,True,0,Optimization terminated successfully,9,1e-10,0,1.0000000000000002
40,Frontier 30,True,0,Optimization terminated successfully,9,1e-10,0,1
41,Frontier 31,True,0,Optimization terminated successfully,10,1e-10,0,1.0000000000000002
42,Frontier 32,True,0,Optimization terminated successfully,10,1e-10,0,1
43,Frontier 33,True,0,Optimization terminated successfully,10,1e-10,0,1
44,Frontier 34,True,0,Optimization terminated successfully,10,1e-10,0,0.99999999999999989
45,Frontier 35,True,0,Optimization terminated successfully,9,1e-10,0,0.99999999999999989
46,Frontier 36,True,0,Optimization terminated successfully,9,1e-10,0,1.0000000000000002
47,Frontier 37,True,0,Optimization terminated successfully,9,1e-10,0,1
48,Frontier 38,True,0,Optimization terminated successfully,9,1e-10,0,1.0000000000000002
49,Frontier 39,True,0,Optimization terminated successfully,9,1e-10,0,1.0000000000000002
50,Frontier 40,True,0,Optimization terminated successfully,9,1e-10,0,1.0000000000000002
51,Frontier 41,True,0,Optimization terminated successfully,9,1e-10,0,1.0000000000000002
52,Frontier 42,True,0,Optimization terminated successfully,9,1e-10,0,1
53,Frontier 43,True,0,Optimization terminated successfully,8,1e-10,0,1.0000000000000002
54,Frontier 44,True,0,Optimization terminated successfully,9,1e-10,0,1
55,Frontier 45,True,0,Optimization terminated successfully,9,1e-10,0,1
56,Frontier 46,True,0,Optimization terminated successfully,9,1e-10,0,0.99999999999999989
57,Frontier 47,True,0,Optimization terminated successfully,9,1e-10,0,1
58,Frontier 48,True,0,Optimization terminated successfully,9,1e-10,0,0.99999999999999989
59,Prudent,True,0,Optimization terminated successfully,13,1e-10,1.4815903266678196e-17,1
60,Modéré,True,0,Optimization terminated successfully,10,1e-10,0,1
61,Dynamique,True,0,Optimization terminated successfully,9,1e-10,0,1
62,Agressif,True,0,Optimization terminated successfully,9,1e-10,0,1.0000000000000002
63,Dominance S&P 500,True,0,Optimization terminated successfully,11,1e-10,0,1
64,Dominance Dow Jones,True,0,Optimization terminated successfully,12,1e-10,0,1
65,Dominance CAC 40,True,0,Optimization terminated successfully,10,1e-10,0,1.0000000000000002
66,Dominance Gold,True,0,Optimization terminated successfully,10,1e-10,0,1.0000000000000002
